Elements,Instructions,Cycles,IPC,LLC_misses,lat_ns
5000000,0,0,0,0,0
10000000,0,0,0,0,0
15000000,0,0,0,0,0
20000000,0,0,0,0,0
25000000,0,0,0,0,0
30000000,0,0,0,0,0
35000000,0,0,0,0,0
40000000,0,0,0,0,0
45000000,0,0,0,0,0
50000000,0,0,0,0,0
55000000,0,0,0,0,0
60000000,0,0,0,0,0
65000000,0,0,0,0,0
70000000,0,0,0,0,0
75000000,0,0,0,0,0
80000000,0,0,0,0,0
85000000,0,0,0,0,0
90000000,0,0,0,0,0
95000000,0,0,0,0,0
100000000,0,0,0,0,0
105000000,0,0,0,0,0
110000000,0,0,0,0,0
115000000,0,0,0,0,0
120000000,0,0,0,0,0
125000000,0,0,0,0,0
130000000,0,0,0,0,0
135000000,0,0,0,0,0
140000000,0,0,0,0,0
145000000,0,0,0,0,0
150000000,0,0,0,0,0
155000000,0,0,0,0,0
160000000,0,0,0,0,0
165000000,0,0,0,0,0
170000000,0,0,0,0,0
175000000,0,0,0,0,0
180000000,0,0,0,0,0
185000000,0,0,0,0,0
190000000,0,0,0,0,0
195000000,0,0,0,0,0
200000000,0,0,0,0,0
205000000,0,0,0,0,0
210000000,0,0,0,0,0
215000000,0,0,0,0,0
220000000,0,0,0,0,0
225000000,0,0,0,0,0
230000000,0,0,0,0,0
235000000,0,0,0,0,0
240000000,0,0,0,0,0
245000000,0,0,0,0,0
250000000,0,0,0,0,0
255000000,0,0,0,0,0
260000000,0,0,0,0,0
265000000,0,0,0,0,0
270000000,0,0,0,0,0
275000000,0,0,0,0,0
280000000,0,0,0,0,0
285000000,0,0,0,0,0
290000000,0,0,0,0,0
295000000,0,0,0,0,0
300000000,0,0,0,0,0
305000000,0,0,0,0,0
310000000,0,0,0,0,0
315000000,0,0,0,0,0
320000000,0,0,0,0,0
325000000,0,0,0,0,0
330000000,0,0,0,0,0
335000000,0,0,0,0,0
340000000,0,0,0,0,0
345000000,0,0,0,0,0
350000000,0,0,0,0,0
355000000,0,0,0,0,0
360000000,0,0,0,0,0
365000000,0,0,0,0,0
370000000,0,0,0,0,0
375000000,0,0,0,0,0
380000000,0,0,0,0,0
385000000,0,0,0,0,0
390000000,0,0,0,0,0
395000000,0,0,0,0,0
400000000,0,0,0,0,0
405000000,0,0,0,0,0
410000000,0,0,0,0,0
415000000,0,0,0,0,0
420000000,0,0,0,0,0
425000000,0,0,0,0,0
430000000,0,0,0,0,0
435000000,0,0,0,0,0
440000000,0,0,0,0,0
445000000,0,0,0,0,0
450000000,0,0,0,0,0
455000000,0,0,0,0,0
460000000,0,0,0,0,0
465000000,0,0,0,0,0
470000000,0,0,0,0,0
475000000,0,0,0,0,0
480000000,0,0,0,0,0
485000000,0,0,0,0,0
490000000,0,0,0,0,0
495000000,0,0,0,0,0
500000000,0,0,0,0,0
505000000,0,0,0,0,0
510000000,0,0,0,0,0
515000000,0,0,0,0,0
520000000,0,0,0,0,0
525000000,0,0,0,0,0
530000000,0,0,0,0,0
535000000,0,0,0,0,0
540000000,0,0,0,0,0
545000000,0,0,0,0,0
550000000,0,0,0,0,0
555000000,0,0,0,0,0
560000000,0,0,0,0,0
565000000,0,0,0,0,0
570000000,0,0,0,0,0
575000000,0,0,0,0,0
580000000,0,0,0,0,0
585000000,0,0,0,0,0
590000000,0,0,0,0,0
595000000,0,0,0,0,0
600000000,0,0,0,0,0
605000000,0,0,0,0,0
610000000,0,0,0,0,0
615000000,0,0,0,0,0
620000000,0,0,0,0,0
625000000,0,0,0,0,0
630000000,0,0,0,0,0
635000000,0,0,0,0,0
640000000,0,0,0,0,0
645000000,0,0,0,0,0
650000000,0,0,0,0,0
655000000,0,0,0,0,0
660000000,0,0,0,0,0
665000000,0,0,0,0,0
670000000,0,0,0,0,0
675000000,0,0,0,0,0
680000000,0,0,0,0,0
685000000,0,0,0,0,0
690000000,0,0,0,0,0
695000000,0,0,0,0,0
700000000,0,0,0,0,0
705000000,0,0,0,0,0
710000000,0,0,0,0,0
715000000,0,0,0,0,0
720000000,0,0,0,0,0
725000000,0,0,0,0,0
730000000,0,0,0,0,0
735000000,0,0,0,0,0
740000000,0,0,0,0,0
745000000,0,0,0,0,0
750000000,0,0,0,0,0
755000000,0,0,0,0,0
760000000,0,0,0,0,0
765000000,0,0,0,0,0
770000000,0,0,0,0,0
775000000,0,0,0,0,0
780000000,0,0,0,0,0
785000000,0,0,0,0,0
790000000,0,0,0,0,0
795000000,0,0,0,0,0
800000000,0,0,0,0,0
805000000,0,0,0,0,0
810000000,0,0,0,0,0
815000000,0,0,0,0,0
820000000,0,0,0,0,0
825000000,0,0,0,0,0
830000000,0,0,0,0,0
835000000,0,0,0,0,0
840000000,0,0,0,0,0
845000000,0,0,0,0,0
850000000,0,0,0,0,0
855000000,0,0,0,0,0
860000000,0,0,0,0,0
865000000,0,0,0,0,0
870000000,0,0,0,0,0
875000000,0,0,0,0,0
880000000,0,0,0,0,0
885000000,0,0,0,0,0
890000000,0,0,0,0,0
895000000,0,0,0,0,0
900000000,0,0,0,0,0
905000000,0,0,0,0,0
910000000,0,0,0,0,0
915000000,0,0,0,0,0
920000000,0,0,0,0,0
925000000,0,0,0,0,0
930000000,0,0,0,0,0
935000000,0,0,0,0,0
940000000,0,0,0,0,0
945000000,0,0,0,0,0
950000000,0,0,0,0,0
955000000,0,0,0,0,0
960000000,0,0,0,0,0
965000000,0,0,0,0,0
970000000,0,0,0,0,0
975000000,0,0,0,0,0
980000000,0,0,0,0,0
985000000,0,0,0,0,0
990000000,0,0,0,0,0
995000000,0,0,0,0,0
1000000000,0,0,0,0,0
1005000000,0,0,0,0,0
1010000000,0,0,0,0,0
1015000000,0,0,0,0,0
1020000000,0,0,0,0,0
1025000000,0,0,0,0,0
1030000000,0,0,0,0,0
1035000000,0,0,0,0,0
1040000000,0,0,0,0,0
1045000000,0,0,0,0,0
1050000000,0,0,0,0,0
1055000000,0,0,0,0,0
1060000000,0,0,0,0,0
1065000000,0,0,0,0,0
1070000000,0,0,0,0,0
1075000000,0,0,0,0,0
1080000000,0,0,0,0,0
1085000000,0,0,0,0,0
1090000000,0,0,0,0,0
1095000000,0,0,0,0,0
1100000000,0,0,0,0,0
1105000000,0,0,0,0,0
1110000000,0,0,0,0,0
1115000000,0,0,0,0,0
1120000000,0,0,0,0,0
1125000000,0,0,0,0,0
1130000000,0,0,0,0,0
1135000000,0,0,0,0,0
1140000000,0,0,0,0,0
1145000000,0,0,0,0,0
1150000000,0,0,0,0,0
1155000000,0,0,0,0,0
1160000000,0,0,0,0,0
1165000000,0,0,0,0,0
1170000000,0,0,0,0,0
1175000000,0,0,0,0,0
1180000000,0,0,0,0,0
1185000000,0,0,0,0,0
1190000000,0,0,0,0,0
1195000000,0,0,0,0,0
1200000000,0,0,0,0,0
1205000000,0,0,0,0,0
1210000000,0,0,0,0,0
1215000000,0,0,0,0,0
1220000000,0,0,0,0,0
1225000000,0,0,0,0,0
1230000000,0,0,0,0,0
1235000000,0,0,0,0,0
1240000000,0,0,0,0,0
1245000000,0,0,0,0,0
1250000000,0,0,0,0,0
1255000000,0,0,0,0,0
1260000000,0,0,0,0,0
1265000000,0,0,0,0,0
1270000000,0,0,0,0,0
1275000000,0,0,0,0,0
1280000000,0,0,0,0,0
1285000000,0,0,0,0,0
1290000000,0,0,0,0,0
1295000000,0,0,0,0,0
1300000000,0,0,0,0,0
1305000000,0,0,0,0,0
1310000000,0,0,0,0,0
1315000000,0,0,0,0,0
1320000000,0,0,0,0,0
1325000000,0,0,0,0,0
1330000000,0,0,0,0,0
1335000000,0,0,0,0,0
1340000000,0,0,0,0,0
1345000000,0,0,0,0,0
1350000000,0,0,0,0,0
1355000000,0,0,0,0,0
1360000000,0,0,0,0,0
1365000000,0,0,0,0,0
1370000000,0,0,0,0,0
1375000000,0,0,0,0,0
1380000000,0,0,0,0,0
1385000000,0,0,0,0,0
1390000000,0,0,0,0,0
1395000000,0,0,0,0,0
1400000000,0,0,0,0,0
1405000000,0,0,0,0,0
1410000000,0,0,0,0,0
1415000000,0,0,0,0,0
1420000000,0,0,0,0,0
1425000000,0,0,0,0,0
1430000000,0,0,0,0,0
1435000000,0,0,0,0,0
1440000000,0,0,0,0,0
1445000000,0,0,0,0,0
1450000000,0,0,0,0,0
1455000000,0,0,0,0,0
1460000000,0,0,0,0,0
1465000000,0,0,0,0,0
1470000000,0,0,0,0,0
1475000000,0,0,0,0,0
1480000000,0,0,0,0,0
1485000000,0,0,0,0,0
1490000000,0,0,0,0,0
1495000000,0,0,0,0,0
1500000000,0,0,0,0,0
1505000000,0,0,0,0,0
1510000000,0,0,0,0,0
1515000000,0,0,0,0,0
1520000000,0,0,0,0,0
1525000000,0,0,0,0,0
1530000000,0,0,0,0,0
1535000000,0,0,0,0,0
1540000000,0,0,0,0,0
1545000000,0,0,0,0,0
1550000000,0,0,0,0,0
1555000000,0,0,0,0,0
1560000000,0,0,0,0,0
1565000000,0,0,0,0,0
1570000000,0,0,0,0,0
1575000000,0,0,0,0,0
1580000000,0,0,0,0,0
1585000000,0,0,0,0,0
1590000000,0,0,0,0,0
1595000000,0,0,0,0,0
1600000000,0,0,0,0,0
1605000000,0,0,0,0,0
1610000000,0,0,0,0,0
1615000000,0,0,0,0,0
1620000000,0,0,0,0,0
1625000000,0,0,0,0,0
1630000000,0,0,0,0,0
1635000000,0,0,0,0,0
1640000000,0,0,0,0,0
1645000000,0,0,0,0,0
1650000000,0,0,0,0,0
1655000000,0,0,0,0,0
1660000000,0,0,0,0,0
1665000000,0,0,0,0,0
1670000000,0,0,0,0,0
1675000000,0,0,0,0,0
1680000000,0,0,0,0,0
1685000000,0,0,0,0,0
1690000000,0,0,0,0,0
1695000000,0,0,0,0,0
1700000000,0,0,0,0,0
1705000000,0,0,0,0,0
1710000000,0,0,0,0,0
1715000000,0,0,0,0,0
1720000000,0,0,0,0,0
1725000000,0,0,0,0,0
1730000000,0,0,0,0,0
1735000000,0,0,0,0,0
1740000000,0,0,0,0,0
1745000000,0,0,0,0,0
1750000000,0,0,0,0,0
1755000000,0,0,0,0,0
1760000000,0,0,0,0,0
1765000000,0,0,0,0,0
1770000000,0,0,0,0,0
1775000000,0,0,0,0,0
1780000000,0,0,0,0,0
1785000000,0,0,0,0,0
1790000000,0,0,0,0,0
1795000000,0,0,0,0,0
1800000000,0,0,0,0,0
1805000000,0,0,0,0,0
1810000000,0,0,0,0,0
1815000000,0,0,0,0,0
1820000000,0,0,0,0,0
1825000000,0,0,0,0,0
1830000000,0,0,0,0,0
1835000000,0,0,0,0,0
1840000000,0,0,0,0,0
1845000000,0,0,0,0,0
1850000000,0,0,0,0,0
1855000000,0,0,0,0,0
1860000000,0,0,0,0,0
1865000000,0,0,0,0,0
1870000000,0,0,0,0,0
1875000000,0,0,0,0,0
1880000000,0,0,0,0,0
1885000000,0,0,0,0,0
1890000000,0,0,0,0,0
1895000000,0,0,0,0,0
1900000000,0,0,0,0,0
1905000000,0,0,0,0,0
1910000000,0,0,0,0,0
1915000000,0,0,0,0,0
1920000000,0,0,0,0,0
1925000000,0,0,0,0,0
1930000000,0,0,0,0,0
1935000000,0,0,0,0,0
1940000000,0,0,0,0,0
1945000000,0,0,0,0,0
1950000000,0,0,0,0,0
1955000000,0,0,0,0,0
1960000000,0,0,0,0,0
1965000000,0,0,0,0,0
1970000000,0,0,0,0,0
1975000000,0,0,0,0,0
1980000000,0,0,0,0,0
1985000000,0,0,0,0,0
1990000000,0,0,0,0,0
1995000000,0,0,0,0,0
2000000000,0,0,0,0,0
2005000000,0,0,0,0,0
2010000000,0,0,0,0,0
2015000000,0,0,0,0,0
2020000000,0,0,0,0,0
2025000000,0,0,0,0,0
2030000000,0,0,0,0,0
2035000000,0,0,0,0,0
2040000000,0,0,0,0,0
2045000000,0,0,0,0,0
2050000000,0,0,0,0,0
2055000000,0,0,0,0,0
2060000000,0,0,0,0,0
2065000000,0,0,0,0,0
2070000000,0,0,0,0,0
2075000000,0,0,0,0,0
2080000000,0,0,0,0,0
2085000000,0,0,0,0,0
2090000000,0,0,0,0,0
2095000000,0,0,0,0,0
2100000000,0,0,0,0,0
2105000000,0,0,0,0,0
2110000000,0,0,0,0,0
2115000000,0,0,0,0,0
2120000000,0,0,0,0,0
2125000000,0,0,0,0,0
2130000000,0,0,0,0,0
2135000000,0,0,0,0,0
2140000000,0,0,0,0,0
2145000000,0,0,0,0,0
2150000000,0,0,0,0,0
2155000000,0,0,0,0,0
2160000000,0,0,0,0,0
2165000000,0,0,0,0,0
2170000000,0,0,0,0,0
2175000000,0,0,0,0,0
2180000000,0,0,0,0,0
2185000000,0,0,0,0,0
2190000000,0,0,0,0,0
2195000000,0,0,0,0,0
2200000000,0,0,0,0,0
2205000000,0,0,0,0,0
2210000000,0,0,0,0,0
2215000000,0,0,0,0,0
2220000000,0,0,0,0,0
2225000000,0,0,0,0,0
2230000000,0,0,0,0,0
2235000000,0,0,0,0,0
2240000000,0,0,0,0,0
2245000000,0,0,0,0,0
2250000000,0,0,0,0,0
2255000000,0,0,0,0,0
2260000000,0,0,0,0,0
2265000000,0,0,0,0,0
2270000000,0,0,0,0,0
2275000000,0,0,0,0,0
2280000000,0,0,0,0,0
2285000000,0,0,0,0,0
2290000000,0,0,0,0,0
2295000000,0,0,0,0,0
2300000000,0,0,0,0,0
2305000000,0,0,0,0,0
2310000000,0,0,0,0,0
2315000000,0,0,0,0,0
2320000000,0,0,0,0,0
2325000000,0,0,0,0,0
2330000000,0,0,0,0,0
2335000000,0,0,0,0,0
2340000000,0,0,0,0,0
2345000000,0,0,0,0,0
2350000000,0,0,0,0,0
2355000000,0,0,0,0,0
2360000000,0,0,0,0,0
2365000000,0,0,0,0,0
2370000000,0,0,0,0,0
2375000000,0,0,0,0,0
2380000000,0,0,0,0,0
2385000000,0,0,0,0,0
2390000000,0,0,0,0,0
2395000000,0,0,0,0,0
2400000000,0,0,0,0,0
2405000000,0,0,0,0,0
2410000000,0,0,0,0,0
2415000000,0,0,0,0,0
2420000000,0,0,0,0,0
2425000000,0,0,0,0,0
2430000000,0,0,0,0,0
2435000000,0,0,0,0,0
2440000000,0,0,0,0,0
2445000000,0,0,0,0,0
2450000000,0,0,0,0,0
2455000000,0,0,0,0,0
2460000000,0,0,0,0,0
2465000000,0,0,0,0,0
2470000000,0,0,0,0,0
2475000000,0,0,0,0,0
2480000000,0,0,0,0,0
2485000000,0,0,0,0,0
2490000000,0,0,0,0,0
2495000000,0,0,0,0,0
2500000000,0,0,0,0,0
2505000000,0,0,0,0,0
2510000000,0,0,0,0,0
2515000000,0,0,0,0,0
2520000000,0,0,0,0,0
2525000000,0,0,0,0,0
2530000000,0,0,0,0,0
2535000000,0,0,0,0,0
2540000000,0,0,0,0,0
2545000000,0,0,0,0,0
2550000000,0,0,0,0,0
2555000000,0,0,0,0,0
2560000000,0,0,0,0,0
2565000000,0,0,0,0,0
2570000000,0,0,0,0,0
2575000000,0,0,0,0,0
2580000000,0,0,0,0,0
2585000000,0,0,0,0,0
2590000000,0,0,0,0,0
2595000000,0,0,0,0,0
2600000000,0,0,0,0,0
2605000000,0,0,0,0,0
2610000000,0,0,0,0,0
2615000000,0,0,0,0,0
2620000000,0,0,0,0,0
2625000000,0,0,0,0,0
2630000000,0,0,0,0,0
2635000000,0,0,0,0,0
2640000000,0,0,0,0,0
2645000000,0,0,0,0,0
2650000000,0,0,0,0,0
2655000000,0,0,0,0,0
2660000000,0,0,0,0,0
2665000000,0,0,0,0,0
2670000000,0,0,0,0,0
2675000000,0,0,0,0,0
2680000000,0,0,0,0,0
2685000000,0,0,0,0,0
2690000000,0,0,0,0,0
2695000000,0,0,0,0,0
2700000000,0,0,0,0,0
2705000000,0,0,0,0,0
2710000000,0,0,0,0,0
2715000000,0,0,0,0,0
2720000000,0,0,0,0,0
2725000000,0,0,0,0,0
2730000000,0,0,0,0,0
2735000000,0,0,0,0,0
2740000000,0,0,0,0,0
2745000000,0,0,0,0,0
2750000000,0,0,0,0,0
2755000000,0,0,0,0,0
2760000000,0,0,0,0,0
2765000000,0,0,0,0,0
2770000000,0,0,0,0,0
2775000000,0,0,0,0,0
2780000000,0,0,0,0,0
2785000000,0,0,0,0,0
2790000000,0,0,0,0,0
2795000000,0,0,0,0,0
2800000000,0,0,0,0,0
2805000000,0,0,0,0,0
2810000000,0,0,0,0,0
2815000000,0,0,0,0,0
2820000000,0,0,0,0,0
2825000000,0,0,0,0,0
2830000000,0,0,0,0,0
2835000000,0,0,0,0,0
2840000000,0,0,0,0,0
2845000000,0,0,0,0,0
2850000000,0,0,0,0,0
2855000000,0,0,0,0,0
2860000000,0,0,0,0,0
2865000000,0,0,0,0,0
2870000000,0,0,0,0,0
2875000000,0,0,0,0,0
2880000000,0,0,0,0,0
2885000000,0,0,0,0,0
2890000000,0,0,0,0,0
2895000000,0,0,0,0,0
2900000000,0,0,0,0,0
2905000000,0,0,0,0,0
2910000000,0,0,0,0,0
2915000000,0,0,0,0,0
2920000000,0,0,0,0,0
2925000000,0,0,0,0,0
2930000000,0,0,0,0,0
2935000000,0,0,0,0,0
2940000000,0,0,0,0,0
2945000000,0,0,0,0,0
2950000000,0,0,0,0,0
2955000000,0,0,0,0,0
2960000000,0,0,0,0,0
2965000000,0,0,0,0,0
2970000000,0,0,0,0,0
2975000000,0,0,0,0,0
2980000000,0,0,0,0,0
2985000000,0,0,0,0,0
2990000000,0,0,0,0,0
2995000000,0,0,0,0,0
3000000000,0,0,0,0,0
3005000000,0,0,0,0,0
3010000000,0,0,0,0,0
3015000000,0,0,0,0,0
3020000000,0,0,0,0,0
3025000000,0,0,0,0,0
3030000000,0,0,0,0,0
3035000000,0,0,0,0,0
3040000000,0,0,0,0,0
3045000000,0,0,0,0,0
3050000000,0,0,0,0,0
3055000000,0,0,0,0,0
3060000000,0,0,0,0,0
3065000000,0,0,0,0,0
3070000000,0,0,0,0,0
3075000000,0,0,0,0,0
3080000000,0,0,0,0,0
3085000000,0,0,0,0,0
3090000000,0,0,0,0,0
3095000000,0,0,0,0,0
3100000000,0,0,0,0,0
3105000000,0,0,0,0,0
3110000000,0,0,0,0,0
3115000000,0,0,0,0,0
3120000000,0,0,0,0,0
3125000000,0,0,0,0,0
3130000000,0,0,0,0,0
3135000000,0,0,0,0,0
3140000000,0,0,0,0,0
3145000000,0,0,0,0,0
3150000000,0,0,0,0,0
3155000000,0,0,0,0,0
3160000000,0,0,0,0,0
3165000000,0,0,0,0,0
3170000000,0,0,0,0,0
3175000000,0,0,0,0,0
3180000000,0,0,0,0,0
3185000000,0,0,0,0,0
3190000000,0,0,0,0,0
3195000000,0,0,0,0,0
3200000000,0,0,0,0,0
3205000000,0,0,0,0,0
3210000000,0,0,0,0,0
3215000000,0,0,0,0,0
3220000000,0,0,0,0,0
3225000000,0,0,0,0,0
3230000000,0,0,0,0,0
3235000000,0,0,0,0,0
3240000000,0,0,0,0,0
3245000000,0,0,0,0,0
3250000000,0,0,0,0,0
3255000000,0,0,0,0,0
3260000000,0,0,0,0,0
3265000000,0,0,0,0,0
3270000000,0,0,0,0,0
3275000000,0,0,0,0,0
3280000000,0,0,0,0,0
3285000000,0,0,0,0,0
3290000000,0,0,0,0,0
3295000000,0,0,0,0,0
3300000000,0,0,0,0,0
3305000000,0,0,0,0,0
3310000000,0,0,0,0,0
3315000000,0,0,0,0,0
3320000000,0,0,0,0,0
3325000000,0,0,0,0,0
3330000000,0,0,0,0,0
3335000000,0,0,0,0,0
3340000000,0,0,0,0,0
3345000000,0,0,0,0,0
3350000000,0,0,0,0,0
3355000000,0,0,0,0,0
3360000000,0,0,0,0,0
3365000000,0,0,0,0,0
3370000000,0,0,0,0,0
3375000000,0,0,0,0,0
3380000000,0,0,0,0,0
3385000000,0,0,0,0,0
3390000000,0,0,0,0,0
3395000000,0,0,0,0,0
3400000000,0,0,0,0,0
3405000000,0,0,0,0,0
3410000000,0,0,0,0,0
3415000000,0,0,0,0,0
3420000000,0,0,0,0,0
3425000000,0,0,0,0,0
3430000000,0,0,0,0,0
3435000000,0,0,0,0,0
3440000000,0,0,0,0,0
3445000000,0,0,0,0,0
3450000000,0,0,0,0,0
3455000000,0,0,0,0,0
3460000000,0,0,0,0,0
3465000000,0,0,0,0,0
3470000000,0,0,0,0,0
3475000000,0,0,0,0,0
3480000000,0,0,0,0,0
3485000000,0,0,0,0,0
3490000000,0,0,0,0,0
3495000000,0,0,0,0,0
3500000000,0,0,0,0,0
3505000000,0,0,0,0,0
3510000000,0,0,0,0,0
3515000000,0,0,0,0,0
3520000000,0,0,0,0,0
3525000000,0,0,0,0,0
3530000000,0,0,0,0,0
3535000000,0,0,0,0,0
3540000000,0,0,0,0,0
3545000000,0,0,0,0,0
3550000000,0,0,0,0,0
3555000000,0,0,0,0,0
3560000000,0,0,0,0,0
3565000000,0,0,0,0,0
3570000000,0,0,0,0,0
3575000000,0,0,0,0,0
3580000000,0,0,0,0,0
3585000000,0,0,0,0,0
3590000000,0,0,0,0,0
3595000000,0,0,0,0,0
3600000000,0,0,0,0,0
3605000000,0,0,0,0,0
3610000000,0,0,0,0,0
3615000000,0,0,0,0,0
3620000000,0,0,0,0,0
3625000000,0,0,0,0,0
3630000000,0,0,0,0,0
3635000000,0,0,0,0,0
3640000000,0,0,0,0,0
3645000000,0,0,0,0,0
3650000000,0,0,0,0,0
3655000000,0,0,0,0,0
3660000000,0,0,0,0,0
3665000000,0,0,0,0,0
3670000000,0,0,0,0,0
3675000000,0,0,0,0,0
3680000000,0,0,0,0,0
3685000000,0,0,0,0,0
3690000000,0,0,0,0,0
3695000000,0,0,0,0,0
3700000000,0,0,0,0,0
3705000000,0,0,0,0,0
3710000000,0,0,0,0,0
3715000000,0,0,0,0,0
3720000000,0,0,0,0,0
3725000000,0,0,0,0,0
3730000000,0,0,0,0,0
3735000000,0,0,0,0,0
3740000000,0,0,0,0,0
3745000000,0,0,0,0,0
3750000000,0,0,0,0,0
3755000000,0,0,0,0,0
3760000000,0,0,0,0,0
3765000000,0,0,0,0,0
3770000000,0,0,0,0,0
3775000000,0,0,0,0,0
3780000000,0,0,0,0,0
3785000000,0,0,0,0,0
3790000000,0,0,0,0,0
3795000000,0,0,0,0,0
3800000000,0,0,0,0,0
3805000000,0,0,0,0,0
3810000000,0,0,0,0,0
3815000000,0,0,0,0,0
3820000000,0,0,0,0,0
3825000000,0,0,0,0,0
3830000000,0,0,0,0,0
3835000000,0,0,0,0,0
3840000000,0,0,0,0,0
3845000000,0,0,0,0,0
3850000000,0,0,0,0,0
3855000000,0,0,0,0,0
3860000000,0,0,0,0,0
3865000000,0,0,0,0,0
3870000000,0,0,0,0,0
3875000000,0,0,0,0,0
3880000000,0,0,0,0,0
3885000000,0,0,0,0,0
3890000000,0,0,0,0,0
3895000000,0,0,0,0,0
3900000000,0,0,0,0,0
3905000000,0,0,0,0,0
3910000000,0,0,0,0,0
3915000000,0,0,0,0,0
3920000000,0,0,0,0,0
3925000000,0,0,0,0,0
3930000000,0,0,0,0,0
3935000000,0,0,0,0,0
3940000000,0,0,0,0,0
3945000000,0,0,0,0,0
3950000000,0,0,0,0,0
3955000000,0,0,0,0,0
3960000000,0,0,0,0,0
3965000000,0,0,0,0,0
3970000000,0,0,0,0,0
3975000000,0,0,0,0,0
3980000000,0,0,0,0,0
3985000000,0,0,0,0,0
3990000000,0,0,0,0,0
3995000000,0,0,0,0,0
4000000000,0,0,0,0,0
4005000000,0,0,0,0,0
4010000000,0,0,0,0,0
4015000000,0,0,0,0,0
4020000000,0,0,0,0,0
4025000000,0,0,0,0,0
4030000000,0,0,0,0,0
4035000000,0,0,0,0,0
4040000000,0,0,0,0,0
4045000000,0,0,0,0,0
4050000000,0,0,0,0,0
4055000000,0,0,0,0,0
4060000000,0,0,0,0,0
4065000000,0,0,0,0,0
4070000000,0,0,0,0,0
4075000000,0,0,0,0,0
4080000000,0,0,0,0,0
4085000000,0,0,0,0,0
4090000000,0,0,0,0,0
4095000000,0,0,0,0,0
4100000000,0,0,0,0,0
4105000000,0,0,0,0,0
4110000000,0,0,0,0,0
4115000000,0,0,0,0,0
4120000000,0,0,0,0,0
4125000000,0,0,0,0,0
4130000000,0,0,0,0,0
4135000000,0,0,0,0,0
4140000000,0,0,0,0,0
4145000000,0,0,0,0,0
4150000000,0,0,0,0,0
4155000000,0,0,0,0,0
4160000000,0,0,0,0,0
4165000000,0,0,0,0,0
4170000000,0,0,0,0,0
4175000000,0,0,0,0,0
4180000000,0,0,0,0,0
4185000000,0,0,0,0,0
4190000000,0,0,0,0,0
4195000000,0,0,0,0,0
4200000000,0,0,0,0,0
4205000000,0,0,0,0,0
4210000000,0,0,0,0,0
4215000000,0,0,0,0,0
4220000000,0,0,0,0,0
4225000000,0,0,0,0,0
4230000000,0,0,0,0,0
4235000000,0,0,0,0,0
4240000000,0,0,0,0,0
4245000000,0,0,0,0,0
4250000000,0,0,0,0,0
4255000000,0,0,0,0,0
4260000000,0,0,0,0,0
4265000000,0,0,0,0,0
4270000000,0,0,0,0,0
4275000000,0,0,0,0,0
4280000000,0,0,0,0,0
4285000000,0,0,0,0,0
4290000000,0,0,0,0,0
4295000000,0,0,0,0,0
4300000000,0,0,0,0,0
4305000000,0,0,0,0,0
4310000000,0,0,0,0,0
4315000000,0,0,0,0,0
4320000000,0,0,0,0,0
4325000000,0,0,0,0,0
4330000000,0,0,0,0,0
4335000000,0,0,0,0,0
4340000000,0,0,0,0,0
4345000000,0,0,0,0,0
4350000000,0,0,0,0,0
4355000000,0,0,0,0,0
4360000000,0,0,0,0,0
4365000000,0,0,0,0,0
4370000000,0,0,0,0,0
4375000000,0,0,0,0,0
4380000000,0,0,0,0,0
4385000000,0,0,0,0,0
4390000000,0,0,0,0,0
4395000000,0,0,0,0,0
4400000000,0,0,0,0,0
4405000000,0,0,0,0,0
4410000000,0,0,0,0,0
4415000000,0,0,0,0,0
4420000000,0,0,0,0,0
4425000000,0,0,0,0,0
4430000000,0,0,0,0,0
4435000000,0,0,0,0,0
4440000000,0,0,0,0,0
4445000000,0,0,0,0,0
4450000000,0,0,0,0,0
4455000000,0,0,0,0,0
4460000000,0,0,0,0,0
4465000000,0,0,0,0,0
4470000000,0,0,0,0,0
4475000000,0,0,0,0,0
4480000000,0,0,0,0,0
4485000000,0,0,0,0,0
4490000000,0,0,0,0,0
4495000000,0,0,0,0,0
4500000000,0,0,0,0,0
4505000000,0,0,0,0,0
4510000000,0,0,0,0,0
4515000000,0,0,0,0,0
4520000000,0,0,0,0,0
4525000000,0,0,0,0,0
4530000000,0,0,0,0,0
4535000000,0,0,0,0,0
4540000000,0,0,0,0,0
4545000000,0,0,0,0,0
4550000000,0,0,0,0,0
4555000000,0,0,0,0,0
4560000000,0,0,0,0,0
4565000000,0,0,0,0,0
4570000000,0,0,0,0,0
4575000000,0,0,0,0,0
4580000000,0,0,0,0,0
4585000000,0,0,0,0,0
4590000000,0,0,0,0,0
4595000000,0,0,0,0,0
4600000000,0,0,0,0,0
4605000000,0,0,0,0,0
4610000000,0,0,0,0,0
4615000000,0,0,0,0,0
4620000000,0,0,0,0,0
4625000000,0,0,0,0,0
4630000000,0,0,0,0,0
4635000000,0,0,0,0,0
4640000000,0,0,0,0,0
4645000000,0,0,0,0,0
4650000000,0,0,0,0,0
4655000000,0,0,0,0,0
4660000000,0,0,0,0,0
4665000000,0,0,0,0,0
4670000000,0,0,0,0,0
4675000000,0,0,0,0,0
4680000000,0,0,0,0,0
4685000000,0,0,0,0,0
4690000000,0,0,0,0,0
4695000000,0,0,0,0,0
4700000000,0,0,0,0,0
4705000000,0,0,0,0,0
4710000000,0,0,0,0,0
4715000000,0,0,0,0,0
4720000000,0,0,0,0,0
4725000000,0,0,0,0,0
4730000000,0,0,0,0,0
4735000000,0,0,0,0,0
4740000000,0,0,0,0,0
4745000000,0,0,0,0,0
4750000000,0,0,0,0,0
4755000000,0,0,0,0,0
4760000000,0,0,0,0,0
4765000000,0,0,0,0,0
4770000000,0,0,0,0,0
4775000000,0,0,0,0,0
4780000000,0,0,0,0,0
4785000000,0,0,0,0,0
4790000000,0,0,0,0,0
4795000000,0,0,0,0,0
4800000000,0,0,0,0,0
4805000000,0,0,0,0,0
4810000000,0,0,0,0,0
4815000000,0,0,0,0,0
4820000000,0,0,0,0,0
4825000000,0,0,0,0,0
4830000000,0,0,0,0,0
4835000000,0,0,0,0,0
4840000000,0,0,0,0,0
4845000000,0,0,0,0,0
4850000000,0,0,0,0,0
4855000000,0,0,0,0,0
4860000000,0,0,0,0,0
4865000000,0,0,0,0,0
4870000000,0,0,0,0,0
4875000000,0,0,0,0,0
4880000000,0,0,0,0,0
4885000000,0,0,0,0,0
4890000000,0,0,0,0,0
4895000000,0,0,0,0,0
4900000000,0,0,0,0,0
4905000000,0,0,0,0,0
4910000000,0,0,0,0,0
4915000000,0,0,0,0,0
4920000000,0,0,0,0,0
4925000000,0,0,0,0,0
4930000000,0,0,0,0,0
4935000000,0,0,0,0,0
4940000000,0,0,0,0,0
4945000000,0,0,0,0,0
4950000000,0,0,0,0,0
4955000000,0,0,0,0,0
4960000000,0,0,0,0,0
4965000000,0,0,0,0,0
4970000000,0,0,0,0,0
4975000000,0,0,0,0,0
4980000000,0,0,0,0,0
4985000000,0,0,0,0,0
4990000000,0,0,0,0,0
4995000000,0,0,0,0,0
5000000000,0,0,0,0,0
5005000000,0,0,0,0,0
5010000000,0,0,0,0,0
5015000000,0,0,0,0,0
5020000000,0,0,0,0,0
5025000000,0,0,0,0,0
5030000000,0,0,0,0,0
5035000000,0,0,0,0,0
5040000000,0,0,0,0,0
5045000000,0,0,0,0,0
5050000000,0,0,0,0,0
5055000000,0,0,0,0,0
5060000000,0,0,0,0,0
5065000000,0,0,0,0,0
5070000000,0,0,0,0,0
5075000000,0,0,0,0,0
5080000000,0,0,0,0,0
5085000000,0,0,0,0,0
5090000000,0,0,0,0,0
5095000000,0,0,0,0,0
5100000000,0,0,0,0,0
5105000000,0,0,0,0,0
5110000000,0,0,0,0,0
5115000000,0,0,0,0,0
5120000000,0,0,0,0,0
5125000000,0,0,0,0,0
5130000000,0,0,0,0,0
5135000000,0,0,0,0,0
5140000000,0,0,0,0,0
5145000000,0,0,0,0,0
5150000000,0,0,0,0,0
5155000000,0,0,0,0,0
5160000000,0,0,0,0,0
5165000000,0,0,0,0,0
5170000000,0,0,0,0,0
5175000000,0,0,0,0,0
5180000000,0,0,0,0,0
5185000000,0,0,0,0,0
5190000000,0,0,0,0,0
5195000000,0,0,0,0,0
5200000000,0,0,0,0,0
5205000000,0,0,0,0,0
5210000000,0,0,0,0,0
5215000000,0,0,0,0,0
5220000000,0,0,0,0,0
5225000000,0,0,0,0,0
5230000000,0,0,0,0,0
5235000000,0,0,0,0,0
5240000000,0,0,0,0,0
5245000000,0,0,0,0,0
5250000000,0,0,0,0,0
5255000000,0,0,0,0,0
5260000000,0,0,0,0,0
5265000000,0,0,0,0,0
5270000000,0,0,0,0,0
5275000000,0,0,0,0,0
5280000000,0,0,0,0,0
5285000000,0,0,0,0,0
5290000000,0,0,0,0,0
5295000000,0,0,0,0,0
5300000000,0,0,0,0,0
5305000000,0,0,0,0,0
5310000000,0,0,0,0,0
5315000000,0,0,0,0,0
5320000000,0,0,0,0,0
5325000000,0,0,0,0,0
5330000000,0,0,0,0,0
5335000000,0,0,0,0,0
5340000000,0,0,0,0,0
5345000000,0,0,0,0,0
5350000000,0,0,0,0,0
5355000000,0,0,0,0,0
5360000000,0,0,0,0,0
5365000000,0,0,0,0,0
5370000000,0,0,0,0,0
5375000000,0,0,0,0,0
5380000000,0,0,0,0,0
5385000000,0,0,0,0,0
5390000000,0,0,0,0,0
5395000000,0,0,0,0,0
5400000000,0,0,0,0,0
5405000000,0,0,0,0,0
5410000000,0,0,0,0,0
5415000000,0,0,0,0,0
5420000000,0,0,0,0,0
5425000000,0,0,0,0,0
5430000000,0,0,0,0,0
5435000000,0,0,0,0,0
5440000000,0,0,0,0,0
5445000000,0,0,0,0,0
5450000000,0,0,0,0,0
5455000000,0,0,0,0,0
5460000000,0,0,0,0,0
5465000000,0,0,0,0,0
5470000000,0,0,0,0,0
5475000000,0,0,0,0,0
5480000000,0,0,0,0,0
5485000000,0,0,0,0,0
5490000000,0,0,0,0,0
5495000000,0,0,0,0,0
5500000000,0,0,0,0,0
5505000000,0,0,0,0,0
5510000000,0,0,0,0,0
5515000000,0,0,0,0,0
5520000000,0,0,0,0,0
5525000000,0,0,0,0,0
5530000000,0,0,0,0,0
5535000000,0,0,0,0,0
5540000000,0,0,0,0,0
5545000000,0,0,0,0,0
5550000000,0,0,0,0,0
5555000000,0,0,0,0,0
5560000000,0,0,0,0,0
5565000000,0,0,0,0,0
5570000000,0,0,0,0,0
5575000000,0,0,0,0,0
5580000000,0,0,0,0,0
5585000000,0,0,0,0,0
5590000000,0,0,0,0,0
5595000000,0,0,0,0,0
5600000000,0,0,0,0,0
5605000000,0,0,0,0,0
5610000000,0,0,0,0,0
5615000000,0,0,0,0,0
5620000000,0,0,0,0,0
5625000000,0,0,0,0,0
5630000000,0,0,0,0,0
5635000000,0,0,0,0,0
5640000000,0,0,0,0,0
5645000000,0,0,0,0,0
5650000000,0,0,0,0,0
5655000000,0,0,0,0,0
5660000000,0,0,0,0,0
5665000000,0,0,0,0,0
5670000000,0,0,0,0,0
5675000000,0,0,0,0,0
5680000000,0,0,0,0,0
5685000000,0,0,0,0,0
5690000000,0,0,0,0,0
5695000000,0,0,0,0,0
5700000000,0,0,0,0,0
5705000000,0,0,0,0,0
5710000000,0,0,0,0,0
5715000000,0,0,0,0,0
5720000000,0,0,0,0,0
5725000000,0,0,0,0,0
5730000000,0,0,0,0,0
5735000000,0,0,0,0,0
5740000000,0,0,0,0,0
5745000000,0,0,0,0,0
5750000000,0,0,0,0,0
5755000000,0,0,0,0,0
5760000000,0,0,0,0,0
5765000000,0,0,0,0,0
5770000000,0,0,0,0,0
5775000000,0,0,0,0,0
5780000000,0,0,0,0,0
5785000000,0,0,0,0,0
5790000000,0,0,0,0,0
5795000000,0,0,0,0,0
5800000000,0,0,0,0,0
5805000000,0,0,0,0,0
5810000000,0,0,0,0,0
5815000000,0,0,0,0,0
5820000000,0,0,0,0,0
5825000000,0,0,0,0,0
5830000000,0,0,0,0,0
5835000000,0,0,0,0,0
5840000000,0,0,0,0,0
5845000000,0,0,0,0,0
5850000000,0,0,0,0,0
5855000000,0,0,0,0,0
5860000000,0,0,0,0,0
5865000000,0,0,0,0,0
5870000000,0,0,0,0,0
5875000000,0,0,0,0,0
5880000000,0,0,0,0,0
5885000000,0,0,0,0,0
5890000000,0,0,0,0,0
5895000000,0,0,0,0,0
5900000000,0,0,0,0,0
5905000000,0,0,0,0,0
5910000000,0,0,0,0,0
5915000000,0,0,0,0,0
5920000000,0,0,0,0,0
5925000000,0,0,0,0,0
5930000000,0,0,0,0,0
5935000000,0,0,0,0,0
5940000000,0,0,0,0,0
5945000000,0,0,0,0,0
5950000000,0,0,0,0,0
5955000000,0,0,0,0,0
5960000000,0,0,0,0,0
5965000000,0,0,0,0,0
5970000000,0,0,0,0,0
5975000000,0,0,0,0,0
5980000000,0,0,0,0,0
5985000000,0,0,0,0,0
5990000000,0,0,0,0,0
5995000000,0,0,0,0,0
6000000000,0,0,0,0,0
6005000000,0,0,0,0,0
6010000000,0,0,0,0,0
6015000000,0,0,0,0,0
6020000000,0,0,0,0,0
6025000000,0,0,0,0,0
6030000000,0,0,0,0,0
6035000000,0,0,0,0,0
6040000000,0,0,0,0,0
6045000000,0,0,0,0,0
6050000000,0,0,0,0,0
6055000000,0,0,0,0,0
6060000000,0,0,0,0,0
6065000000,0,0,0,0,0
6070000000,0,0,0,0,0
6075000000,0,0,0,0,0
6080000000,0,0,0,0,0
6085000000,0,0,0,0,0
6090000000,0,0,0,0,0
6095000000,0,0,0,0,0
6100000000,0,0,0,0,0
6105000000,0,0,0,0,0
6110000000,0,0,0,0,0
6115000000,0,0,0,0,0
6120000000,0,0,0,0,0
6125000000,0,0,0,0,0
6130000000,0,0,0,0,0
6135000000,0,0,0,0,0
6140000000,0,0,0,0,0
6145000000,0,0,0,0,0
6150000000,0,0,0,0,0
6155000000,0,0,0,0,0
6160000000,0,0,0,0,0
6165000000,0,0,0,0,0
6170000000,0,0,0,0,0
6175000000,0,0,0,0,0
6180000000,0,0,0,0,0
6185000000,0,0,0,0,0
6190000000,0,0,0,0,0
6195000000,0,0,0,0,0
6200000000,0,0,0,0,0
6205000000,0,0,0,0,0
6210000000,0,0,0,0,0
6215000000,0,0,0,0,0
6220000000,0,0,0,0,0
6225000000,0,0,0,0,0
6230000000,0,0,0,0,0
6235000000,0,0,0,0,0
6240000000,0,0,0,0,0
6245000000,0,0,0,0,0
6250000000,0,0,0,0,0
6255000000,0,0,0,0,0
6260000000,0,0,0,0,0
6265000000,0,0,0,0,0
6270000000,0,0,0,0,0
6275000000,0,0,0,0,0
6280000000,0,0,0,0,0
6285000000,0,0,0,0,0
6290000000,0,0,0,0,0
6295000000,0,0,0,0,0
6300000000,0,0,0,0,0
6305000000,0,0,0,0,0
6310000000,0,0,0,0,0
6315000000,0,0,0,0,0
6320000000,0,0,0,0,0
6325000000,0,0,0,0,0
6330000000,0,0,0,0,0
6335000000,0,0,0,0,0
6340000000,0,0,0,0,0
6345000000,0,0,0,0,0
6350000000,0,0,0,0,0
6355000000,0,0,0,0,0
6360000000,0,0,0,0,0
6365000000,0,0,0,0,0
6370000000,0,0,0,0,0
6375000000,0,0,0,0,0
6380000000,0,0,0,0,0
6385000000,0,0,0,0,0
6390000000,0,0,0,0,0
6395000000,0,0,0,0,0
6400000000,0,0,0,0,0
6405000000,0,0,0,0,0
6410000000,0,0,0,0,0
6415000000,0,0,0,0,0
6420000000,0,0,0,0,0
6425000000,0,0,0,0,0
6430000000,0,0,0,0,0
6435000000,0,0,0,0,0
6440000000,0,0,0,0,0
6445000000,0,0,0,0,0
6450000000,0,0,0,0,0
6455000000,0,0,0,0,0
6460000000,0,0,0,0,0
6465000000,0,0,0,0,0
6470000000,0,0,0,0,0
6475000000,0,0,0,0,0
6480000000,0,0,0,0,0
6485000000,0,0,0,0,0
6490000000,0,0,0,0,0
6495000000,0,0,0,0,0
6500000000,0,0,0,0,0
6505000000,0,0,0,0,0
6510000000,0,0,0,0,0
6515000000,0,0,0,0,0
6520000000,0,0,0,0,0
6525000000,0,0,0,0,0
6530000000,0,0,0,0,0
6535000000,0,0,0,0,0
6540000000,0,0,0,0,0
6545000000,0,0,0,0,0
6550000000,0,0,0,0,0
6555000000,0,0,0,0,0
6560000000,0,0,0,0,0
6565000000,0,0,0,0,0
6570000000,0,0,0,0,0
6575000000,0,0,0,0,0
6580000000,0,0,0,0,0
6585000000,0,0,0,0,0
6590000000,0,0,0,0,0
6595000000,0,0,0,0,0
6600000000,0,0,0,0,0
6605000000,0,0,0,0,0
6610000000,0,0,0,0,0
6615000000,0,0,0,0,0
6620000000,0,0,0,0,0
6625000000,0,0,0,0,0
6630000000,0,0,0,0,0
6635000000,0,0,0,0,0
6640000000,0,0,0,0,0
6645000000,0,0,0,0,0
6650000000,0,0,0,0,0
6655000000,0,0,0,0,0
6660000000,0,0,0,0,0
6665000000,0,0,0,0,0
6670000000,0,0,0,0,0
6675000000,0,0,0,0,0
6680000000,0,0,0,0,0
6685000000,0,0,0,0,0
6690000000,0,0,0,0,0
6695000000,0,0,0,0,0
6700000000,0,0,0,0,0
6705000000,0,0,0,0,0
6710000000,0,0,0,0,0
6715000000,0,0,0,0,0
6720000000,0,0,0,0,0
6725000000,0,0,0,0,0
6730000000,0,0,0,0,0
6735000000,0,0,0,0,0
6740000000,0,0,0,0,0
6745000000,0,0,0,0,0
6750000000,0,0,0,0,0
6755000000,0,0,0,0,0
6760000000,0,0,0,0,0
6765000000,0,0,0,0,0
6770000000,0,0,0,0,0
6775000000,0,0,0,0,0
6780000000,0,0,0,0,0
6785000000,0,0,0,0,0
6790000000,0,0,0,0,0
6795000000,0,0,0,0,0
6800000000,0,0,0,0,0
6805000000,0,0,0,0,0
6810000000,0,0,0,0,0
6815000000,0,0,0,0,0
6820000000,0,0,0,0,0
6825000000,0,0,0,0,0
6830000000,0,0,0,0,0
6835000000,0,0,0,0,0
6840000000,0,0,0,0,0
6845000000,0,0,0,0,0
6850000000,0,0,0,0,0
6855000000,0,0,0,0,0
6860000000,0,0,0,0,0
6865000000,0,0,0,0,0
6870000000,0,0,0,0,0
6875000000,0,0,0,0,0
6880000000,0,0,0,0,0
6885000000,0,0,0,0,0
6890000000,0,0,0,0,0
6895000000,0,0,0,0,0
6900000000,0,0,0,0,0
6905000000,0,0,0,0,0
6910000000,0,0,0,0,0
6915000000,0,0,0,0,0
6920000000,0,0,0,0,0
6925000000,0,0,0,0,0
6930000000,0,0,0,0,0
6935000000,0,0,0,0,0
6940000000,0,0,0,0,0
6945000000,0,0,0,0,0
6950000000,0,0,0,0,0
6955000000,0,0,0,0,0
6960000000,0,0,0,0,0
6965000000,0,0,0,0,0
6970000000,0,0,0,0,0
6975000000,0,0,0,0,0
6980000000,0,0,0,0,0
6985000000,0,0,0,0,0
6990000000,0,0,0,0,0
6995000000,0,0,0,0,0
7000000000,0,0,0,0,0
7005000000,0,0,0,0,0
7010000000,0,0,0,0,0
7015000000,0,0,0,0,0
7020000000,0,0,0,0,0
7025000000,0,0,0,0,0
7030000000,0,0,0,0,0
7035000000,0,0,0,0,0
7040000000,0,0,0,0,0
7045000000,0,0,0,0,0
7050000000,0,0,0,0,0
7055000000,0,0,0,0,0
7060000000,0,0,0,0,0
7065000000,0,0,0,0,0
7070000000,0,0,0,0,0
7075000000,0,0,0,0,0
7080000000,0,0,0,0,0
7085000000,0,0,0,0,0
7090000000,0,0,0,0,0
7095000000,0,0,0,0,0
7100000000,0,0,0,0,0
7105000000,0,0,0,0,0
7110000000,0,0,0,0,0
7115000000,0,0,0,0,0
7120000000,0,0,0,0,0
7125000000,0,0,0,0,0
7130000000,0,0,0,0,0
7135000000,0,0,0,0,0
7140000000,0,0,0,0,0
7145000000,0,0,0,0,0
7150000000,0,0,0,0,0
7155000000,0,0,0,0,0
7160000000,0,0,0,0,0
7165000000,0,0,0,0,0
7170000000,0,0,0,0,0
7175000000,0,0,0,0,0
7180000000,0,0,0,0,0
7185000000,0,0,0,0,0
7190000000,0,0,0,0,0
7195000000,0,0,0,0,0
7200000000,0,0,0,0,0
7205000000,0,0,0,0,0
7210000000,0,0,0,0,0
7215000000,0,0,0,0,0
7220000000,0,0,0,0,0
7225000000,0,0,0,0,0
7230000000,0,0,0,0,0
7235000000,0,0,0,0,0
7240000000,0,0,0,0,0
7245000000,0,0,0,0,0
7250000000,0,0,0,0,0
7255000000,0,0,0,0,0
7260000000,0,0,0,0,0
7265000000,0,0,0,0,0
7270000000,0,0,0,0,0
7275000000,0,0,0,0,0
7280000000,0,0,0,0,0
7285000000,0,0,0,0,0
7290000000,0,0,0,0,0
7295000000,0,0,0,0,0
7300000000,0,0,0,0,0
7305000000,0,0,0,0,0
7310000000,0,0,0,0,0
7315000000,0,0,0,0,0
7320000000,0,0,0,0,0
7325000000,0,0,0,0,0
7330000000,0,0,0,0,0
7335000000,0,0,0,0,0
7340000000,0,0,0,0,0
7345000000,0,0,0,0,0
7350000000,0,0,0,0,0
7355000000,0,0,0,0,0
7360000000,0,0,0,0,0
7365000000,0,0,0,0,0
7370000000,0,0,0,0,0
7375000000,0,0,0,0,0
7380000000,0,0,0,0,0
7385000000,0,0,0,0,0
7390000000,0,0,0,0,0
7395000000,0,0,0,0,0
7400000000,0,0,0,0,0
7405000000,0,0,0,0,0
7410000000,0,0,0,0,0
7415000000,0,0,0,0,0
7420000000,0,0,0,0,0
7425000000,0,0,0,0,0
7430000000,0,0,0,0,0
7435000000,0,0,0,0,0
7440000000,0,0,0,0,0
7445000000,0,0,0,0,0
7450000000,0,0,0,0,0
7455000000,0,0,0,0,0
7460000000,0,0,0,0,0
7465000000,0,0,0,0,0
7470000000,0,0,0,0,0
7475000000,0,0,0,0,0
7480000000,0,0,0,0,0
7485000000,0,0,0,0,0
7490000000,0,0,0,0,0
7495000000,0,0,0,0,0
7500000000,0,0,0,0,0
7505000000,0,0,0,0,0
7510000000,0,0,0,0,0
7515000000,0,0,0,0,0
7520000000,0,0,0,0,0
7525000000,0,0,0,0,0
7530000000,0,0,0,0,0
7535000000,0,0,0,0,0
7540000000,0,0,0,0,0
7545000000,0,0,0,0,0
7550000000,0,0,0,0,0
7555000000,0,0,0,0,0
7560000000,0,0,0,0,0
7565000000,0,0,0,0,0
7570000000,0,0,0,0,0
7575000000,0,0,0,0,0
7580000000,0,0,0,0,0
7585000000,0,0,0,0,0
7590000000,0,0,0,0,0
7595000000,0,0,0,0,0
7600000000,0,0,0,0,0
7605000000,0,0,0,0,0
7610000000,0,0,0,0,0
7615000000,0,0,0,0,0
7620000000,0,0,0,0,0
7625000000,0,0,0,0,0
7630000000,0,0,0,0,0
7635000000,0,0,0,0,0
7640000000,0,0,0,0,0
7645000000,0,0,0,0,0
7650000000,0,0,0,0,0
7655000000,0,0,0,0,0
7660000000,0,0,0,0,0
7665000000,0,0,0,0,0
7670000000,0,0,0,0,0
7675000000,0,0,0,0,0
7680000000,0,0,0,0,0
7685000000,0,0,0,0,0
7690000000,0,0,0,0,0
7695000000,0,0,0,0,0
7700000000,0,0,0,0,0
7705000000,0,0,0,0,0
7710000000,0,0,0,0,0
7715000000,0,0,0,0,0
7720000000,0,0,0,0,0
7725000000,0,0,0,0,0
7730000000,0,0,0,0,0
7735000000,0,0,0,0,0
7740000000,0,0,0,0,0
7745000000,0,0,0,0,0
7750000000,0,0,0,0,0
7755000000,0,0,0,0,0
7760000000,0,0,0,0,0
7765000000,0,0,0,0,0
7770000000,0,0,0,0,0
7775000000,0,0,0,0,0
7780000000,0,0,0,0,0
7785000000,0,0,0,0,0
7790000000,0,0,0,0,0
7795000000,0,0,0,0,0
7800000000,0,0,0,0,0
7805000000,0,0,0,0,0
7810000000,0,0,0,0,0
7815000000,0,0,0,0,0
7820000000,0,0,0,0,0
7825000000,0,0,0,0,0
7830000000,0,0,0,0,0
7835000000,0,0,0,0,0
7840000000,0,0,0,0,0
7845000000,0,0,0,0,0
7850000000,0,0,0,0,0
7855000000,0,0,0,0,0
7860000000,0,0,0,0,0
7865000000,0,0,0,0,0
7870000000,0,0,0,0,0
7875000000,0,0,0,0,0
7880000000,0,0,0,0,0
7885000000,0,0,0,0,0
7890000000,0,0,0,0,0
7895000000,0,0,0,0,0
7900000000,0,0,0,0,0
7905000000,0,0,0,0,0
7910000000,0,0,0,0,0
7915000000,0,0,0,0,0
7920000000,0,0,0,0,0
7925000000,0,0,0,0,0
7930000000,0,0,0,0,0
7935000000,0,0,0,0,0
7940000000,0,0,0,0,0
7945000000,0,0,0,0,0
7950000000,0,0,0,0,0
7955000000,0,0,0,0,0
7960000000,0,0,0,0,0
7965000000,0,0,0,0,0
7970000000,0,0,0,0,0
7975000000,0,0,0,0,0
7980000000,0,0,0,0,0
7985000000,0,0,0,0,0
7990000000,0,0,0,0,0
7995000000,0,0,0,0,0
8000000000,0,0,0,0,0
8005000000,0,0,0,0,0
8010000000,0,0,0,0,0
8015000000,0,0,0,0,0
8020000000,0,0,0,0,0
8025000000,0,0,0,0,0
8030000000,0,0,0,0,0
8035000000,0,0,0,0,0
8040000000,0,0,0,0,0
8045000000,0,0,0,0,0
8050000000,0,0,0,0,0
8055000000,0,0,0,0,0
8060000000,0,0,0,0,0
8065000000,0,0,0,0,0
8070000000,0,0,0,0,0
8075000000,0,0,0,0,0
8080000000,0,0,0,0,0
8085000000,0,0,0,0,0
8090000000,0,0,0,0,0
8095000000,0,0,0,0,0
8100000000,0,0,0,0,0
8105000000,0,0,0,0,0
8110000000,0,0,0,0,0
8115000000,0,0,0,0,0
8120000000,0,0,0,0,0
8125000000,0,0,0,0,0
8130000000,0,0,0,0,0
8135000000,0,0,0,0,0
8140000000,0,0,0,0,0
8145000000,0,0,0,0,0
8150000000,0,0,0,0,0
8155000000,0,0,0,0,0
8160000000,0,0,0,0,0
8165000000,0,0,0,0,0
8170000000,0,0,0,0,0
8175000000,0,0,0,0,0
8180000000,0,0,0,0,0
8185000000,0,0,0,0,0
8190000000,0,0,0,0,0
8195000000,0,0,0,0,0
8200000000,0,0,0,0,0
8205000000,0,0,0,0,0
8210000000,0,0,0,0,0
8215000000,0,0,0,0,0
8220000000,0,0,0,0,0
8225000000,0,0,0,0,0
8230000000,0,0,0,0,0
8235000000,0,0,0,0,0
8240000000,0,0,0,0,0
8245000000,0,0,0,0,0
8250000000,0,0,0,0,0
8255000000,0,0,0,0,0
8260000000,0,0,0,0,0
8265000000,0,0,0,0,0
8270000000,0,0,0,0,0
8275000000,0,0,0,0,0
8280000000,0,0,0,0,0
8285000000,0,0,0,0,0
8290000000,0,0,0,0,0
8295000000,0,0,0,0,0
8300000000,0,0,0,0,0
8305000000,0,0,0,0,0
8310000000,0,0,0,0,0
8315000000,0,0,0,0,0
8320000000,0,0,0,0,0
8325000000,0,0,0,0,0
8330000000,0,0,0,0,0
8335000000,0,0,0,0,0
8340000000,0,0,0,0,0
8345000000,0,0,0,0,0
8350000000,0,0,0,0,0
8355000000,0,0,0,0,0
8360000000,0,0,0,0,0
8365000000,0,0,0,0,0
8370000000,0,0,0,0,0
8375000000,0,0,0,0,0
8380000000,0,0,0,0,0
8385000000,0,0,0,0,0
8390000000,0,0,0,0,0
8395000000,0,0,0,0,0
8400000000,0,0,0,0,0
8405000000,0,0,0,0,0
8410000000,0,0,0,0,0
8415000000,0,0,0,0,0
8420000000,0,0,0,0,0
8425000000,0,0,0,0,0
8430000000,0,0,0,0,0
8435000000,0,0,0,0,0
8440000000,0,0,0,0,0
8445000000,0,0,0,0,0
8450000000,0,0,0,0,0
8455000000,0,0,0,0,0
8460000000,0,0,0,0,0
8465000000,0,0,0,0,0
8470000000,0,0,0,0,0
8475000000,0,0,0,0,0
8480000000,0,0,0,0,0
8485000000,0,0,0,0,0
8490000000,0,0,0,0,0
8495000000,0,0,0,0,0
8500000000,0,0,0,0,0
8505000000,0,0,0,0,0
8510000000,0,0,0,0,0
8515000000,0,0,0,0,0
8520000000,0,0,0,0,0
8525000000,0,0,0,0,0
8530000000,0,0,0,0,0
8535000000,0,0,0,0,0
8540000000,0,0,0,0,0
8545000000,0,0,0,0,0
8550000000,0,0,0,0,0
8555000000,0,0,0,0,0
8560000000,0,0,0,0,0
8565000000,0,0,0,0,0
8570000000,0,0,0,0,0
8575000000,0,0,0,0,0
8580000000,0,0,0,0,0
8585000000,0,0,0,0,0
8590000000,0,0,0,0,0
8595000000,0,0,0,0,0
8600000000,0,0,0,0,0
8605000000,0,0,0,0,0
8610000000,0,0,0,0,0
8615000000,0,0,0,0,0
8620000000,0,0,0,0,0
8625000000,0,0,0,0,0
8630000000,0,0,0,0,0
8635000000,0,0,0,0,0
8640000000,0,0,0,0,0
8645000000,0,0,0,0,0
8650000000,0,0,0,0,0
8655000000,0,0,0,0,0
8660000000,0,0,0,0,0
8665000000,0,0,0,0,0
8670000000,0,0,0,0,0
8675000000,0,0,0,0,0
8680000000,0,0,0,0,0
8685000000,0,0,0,0,0
8690000000,0,0,0,0,0
8695000000,0,0,0,0,0
8700000000,0,0,0,0,0
8705000000,0,0,0,0,0
8710000000,0,0,0,0,0
8715000000,0,0,0,0,0
8720000000,0,0,0,0,0
8725000000,0,0,0,0,0
8730000000,0,0,0,0,0
8735000000,0,0,0,0,0
8740000000,0,0,0,0,0
8745000000,0,0,0,0,0
8750000000,0,0,0,0,0
8755000000,0,0,0,0,0
8760000000,0,0,0,0,0
8765000000,0,0,0,0,0
8770000000,0,0,0,0,0
8775000000,0,0,0,0,0
8780000000,0,0,0,0,0
8785000000,0,0,0,0,0
8790000000,0,0,0,0,0
8795000000,0,0,0,0,0
8800000000,0,0,0,0,0
8805000000,0,0,0,0,0
8810000000,0,0,0,0,0
8815000000,0,0,0,0,0
8820000000,0,0,0,0,0
8825000000,0,0,0,0,0
8830000000,0,0,0,0,0
8835000000,0,0,0,0,0
8840000000,0,0,0,0,0
8845000000,0,0,0,0,0
8850000000,0,0,0,0,0
8855000000,0,0,0,0,0
8860000000,0,0,0,0,0
8865000000,0,0,0,0,0
8870000000,0,0,0,0,0
8875000000,0,0,0,0,0
8880000000,0,0,0,0,0
8885000000,0,0,0,0,0
8890000000,0,0,0,0,0
8895000000,0,0,0,0,0
8900000000,0,0,0,0,0
8905000000,0,0,0,0,0
8910000000,0,0,0,0,0
8915000000,0,0,0,0,0
8920000000,0,0,0,0,0
8925000000,0,0,0,0,0
8930000000,0,0,0,0,0
8935000000,0,0,0,0,0
8940000000,0,0,0,0,0
8945000000,0,0,0,0,0
8950000000,0,0,0,0,0
8955000000,0,0,0,0,0
8960000000,0,0,0,0,0
8965000000,0,0,0,0,0
8970000000,0,0,0,0,0
8975000000,0,0,0,0,0
8980000000,0,0,0,0,0
8985000000,0,0,0,0,0
8990000000,0,0,0,0,0
8995000000,0,0,0,0,0
9000000000,0,0,0,0,0
9005000000,0,0,0,0,0
9010000000,0,0,0,0,0
9015000000,0,0,0,0,0
9020000000,0,0,0,0,0
9025000000,0,0,0,0,0
9030000000,0,0,0,0,0
9035000000,0,0,0,0,0
9040000000,0,0,0,0,0
9045000000,0,0,0,0,0
9050000000,0,0,0,0,0
9055000000,0,0,0,0,0
9060000000,0,0,0,0,0
9065000000,0,0,0,0,0
9070000000,0,0,0,0,0
9075000000,0,0,0,0,0
9080000000,0,0,0,0,0
9085000000,0,0,0,0,0
9090000000,0,0,0,0,0
9095000000,0,0,0,0,0
9100000000,0,0,0,0,0
9105000000,0,0,0,0,0
9110000000,0,0,0,0,0
9115000000,0,0,0,0,0
9120000000,0,0,0,0,0
9125000000,0,0,0,0,0
9130000000,0,0,0,0,0
9135000000,0,0,0,0,0
9140000000,0,0,0,0,0
9145000000,0,0,0,0,0
9150000000,0,0,0,0,0
9155000000,0,0,0,0,0
9160000000,0,0,0,0,0
9165000000,0,0,0,0,0
9170000000,0,0,0,0,0
9175000000,0,0,0,0,0
9180000000,0,0,0,0,0
9185000000,0,0,0,0,0
9190000000,0,0,0,0,0
9195000000,0,0,0,0,0
9200000000,0,0,0,0,0
9205000000,0,0,0,0,0
9210000000,0,0,0,0,0
9215000000,0,0,0,0,0
9220000000,0,0,0,0,0
9225000000,0,0,0,0,0
9230000000,0,0,0,0,0
9235000000,0,0,0,0,0
9240000000,0,0,0,0,0
9245000000,0,0,0,0,0
9250000000,0,0,0,0,0
9255000000,0,0,0,0,0
9260000000,0,0,0,0,0
9265000000,0,0,0,0,0
9270000000,0,0,0,0,0
9275000000,0,0,0,0,0
9280000000,0,0,0,0,0
9285000000,0,0,0,0,0
9290000000,0,0,0,0,0
9295000000,0,0,0,0,0
9300000000,0,0,0,0,0
9305000000,0,0,0,0,0
9310000000,0,0,0,0,0
9315000000,0,0,0,0,0
9320000000,0,0,0,0,0
9325000000,0,0,0,0,0
9330000000,0,0,0,0,0
9335000000,0,0,0,0,0
9340000000,0,0,0,0,0
9345000000,0,0,0,0,0
9350000000,0,0,0,0,0
9355000000,0,0,0,0,0
9360000000,0,0,0,0,0
9365000000,0,0,0,0,0
9370000000,0,0,0,0,0
9375000000,0,0,0,0,0
9380000000,0,0,0,0,0
9385000000,0,0,0,0,0
9390000000,0,0,0,0,0
9395000000,0,0,0,0,0
9400000000,0,0,0,0,0
9405000000,0,0,0,0,0
9410000000,0,0,0,0,0
9415000000,0,0,0,0,0
9420000000,0,0,0,0,0
9425000000,0,0,0,0,0
9430000000,0,0,0,0,0
9435000000,0,0,0,0,0
9440000000,0,0,0,0,0
9445000000,0,0,0,0,0
9450000000,0,0,0,0,0
9455000000,0,0,0,0,0
9460000000,0,0,0,0,0
9465000000,0,0,0,0,0
9470000000,0,0,0,0,0
9475000000,0,0,0,0,0
9480000000,0,0,0,0,0
9485000000,0,0,0,0,0
9490000000,0,0,0,0,0
9495000000,0,0,0,0,0
9500000000,0,0,0,0,0
9505000000,0,0,0,0,0
9510000000,0,0,0,0,0
9515000000,0,0,0,0,0
9520000000,0,0,0,0,0
9525000000,0,0,0,0,0
9530000000,0,0,0,0,0
9535000000,0,0,0,0,0
9540000000,0,0,0,0,0
9545000000,0,0,0,0,0
9550000000,0,0,0,0,0
9555000000,0,0,0,0,0
9560000000,0,0,0,0,0
9565000000,0,0,0,0,0
9570000000,0,0,0,0,0
9575000000,0,0,0,0,0
9580000000,0,0,0,0,0
9585000000,0,0,0,0,0
9590000000,0,0,0,0,0
9595000000,0,0,0,0,0
9600000000,0,0,0,0,0
9605000000,0,0,0,0,0
9610000000,0,0,0,0,0
9615000000,0,0,0,0,0
9620000000,0,0,0,0,0
9625000000,0,0,0,0,0
9630000000,0,0,0,0,0
9635000000,0,0,0,0,0
9640000000,0,0,0,0,0
9645000000,0,0,0,0,0
9650000000,0,0,0,0,0
9655000000,0,0,0,0,0
9660000000,0,0,0,0,0
9665000000,0,0,0,0,0
9670000000,0,0,0,0,0
9675000000,0,0,0,0,0
9680000000,0,0,0,0,0
9685000000,0,0,0,0,0
9690000000,0,0,0,0,0
9695000000,0,0,0,0,0
9700000000,0,0,0,0,0
9705000000,0,0,0,0,0
9710000000,0,0,0,0,0
9715000000,0,0,0,0,0
9720000000,0,0,0,0,0
9725000000,0,0,0,0,0
9730000000,0,0,0,0,0
9735000000,0,0,0,0,0
9740000000,0,0,0,0,0
9745000000,0,0,0,0,0
9750000000,0,0,0,0,0
9755000000,0,0,0,0,0
9760000000,0,0,0,0,0
9765000000,0,0,0,0,0
9770000000,0,0,0,0,0
9775000000,0,0,0,0,0
9780000000,0,0,0,0,0
9785000000,0,0,0,0,0
9790000000,0,0,0,0,0
9795000000,0,0,0,0,0
9800000000,0,0,0,0,0
9805000000,0,0,0,0,0
9810000000,0,0,0,0,0
9815000000,0,0,0,0,0
9820000000,0,0,0,0,0
9825000000,0,0,0,0,0
9830000000,0,0,0,0,0
9835000000,0,0,0,0,0
9840000000,0,0,0,0,0
9845000000,0,0,0,0,0
9850000000,0,0,0,0,0
9855000000,0,0,0,0,0
9860000000,0,0,0,0,0
9865000000,0,0,0,0,0
9870000000,0,0,0,0,0
9875000000,0,0,0,0,0
9880000000,0,0,0,0,0
9885000000,0,0,0,0,0
9890000000,0,0,0,0,0
9895000000,0,0,0,0,0
9900000000,0,0,0,0,0
9905000000,0,0,0,0,0
9910000000,0,0,0,0,0
9915000000,0,0,0,0,0
9920000000,0,0,0,0,0
9925000000,0,0,0,0,0
9930000000,0,0,0,0,0
9935000000,0,0,0,0,0
9940000000,0,0,0,0,0
9945000000,0,0,0,0,0
9950000000,0,0,0,0,0
9955000000,0,0,0,0,0
9960000000,0,0,0,0,0
9965000000,0,0,0,0,0
9970000000,0,0,0,0,0
9975000000,0,0,0,0,0
9980000000,0,0,0,0,0
9985000000,0,0,0,0,0
9990000000,0,0,0,0,0
9995000000,0,0,0,0,0
10000000000,0,0,0,0,0
10005000000,0,0,0,0,0
10010000000,0,0,0,0,0
10015000000,0,0,0,0,0
10020000000,0,0,0,0,0
10025000000,0,0,0,0,0
10030000000,0,0,0,0,0
10035000000,0,0,0,0,0
10040000000,0,0,0,0,0
10045000000,0,0,0,0,0
10050000000,0,0,0,0,0
10055000000,0,0,0,0,0
10060000000,0,0,0,0,0
10065000000,0,0,0,0,0
10070000000,0,0,0,0,0
10075000000,0,0,0,0,0
10080000000,0,0,0,0,0
10085000000,0,0,0,0,0
10090000000,0,0,0,0,0
10095000000,0,0,0,0,0
10100000000,0,0,0,0,0
10105000000,0,0,0,0,0
10110000000,0,0,0,0,0
10115000000,0,0,0,0,0
10120000000,0,0,0,0,0
10125000000,0,0,0,0,0
10130000000,0,0,0,0,0
10135000000,0,0,0,0,0
10140000000,0,0,0,0,0
10145000000,0,0,0,0,0
10150000000,0,0,0,0,0
10155000000,0,0,0,0,0
10160000000,0,0,0,0,0
10165000000,0,0,0,0,0
10170000000,0,0,0,0,0
10175000000,0,0,0,0,0
10180000000,0,0,0,0,0
10185000000,0,0,0,0,0
10190000000,0,0,0,0,0
10195000000,0,0,0,0,0
10200000000,0,0,0,0,0
10205000000,0,0,0,0,0
10210000000,0,0,0,0,0
10215000000,0,0,0,0,0
10220000000,0,0,0,0,0
10225000000,0,0,0,0,0
10230000000,0,0,0,0,0
10235000000,0,0,0,0,0
10240000000,0,0,0,0,0
10245000000,0,0,0,0,0
10250000000,0,0,0,0,0
10255000000,0,0,0,0,0
10260000000,0,0,0,0,0
10265000000,0,0,0,0,0
10270000000,0,0,0,0,0
10275000000,0,0,0,0,0
10280000000,0,0,0,0,0
10285000000,0,0,0,0,0
10290000000,0,0,0,0,0
10295000000,0,0,0,0,0
10300000000,0,0,0,0,0
10305000000,0,0,0,0,0
10310000000,0,0,0,0,0
10315000000,0,0,0,0,0
10320000000,0,0,0,0,0
10325000000,0,0,0,0,0
10330000000,0,0,0,0,0
10335000000,0,0,0,0,0
10340000000,0,0,0,0,0
10345000000,0,0,0,0,0
10350000000,0,0,0,0,0
10355000000,0,0,0,0,0
10360000000,0,0,0,0,0
10365000000,0,0,0,0,0
10370000000,0,0,0,0,0
10375000000,0,0,0,0,0
10380000000,0,0,0,0,0
10385000000,0,0,0,0,0
10390000000,0,0,0,0,0
10395000000,0,0,0,0,0
10400000000,0,0,0,0,0
10405000000,0,0,0,0,0
10410000000,0,0,0,0,0
10415000000,0,0,0,0,0
10420000000,0,0,0,0,0
10425000000,0,0,0,0,0
10430000000,0,0,0,0,0
10435000000,0,0,0,0,0
10440000000,0,0,0,0,0
10445000000,0,0,0,0,0
10450000000,0,0,0,0,0
10455000000,0,0,0,0,0
10460000000,0,0,0,0,0
10465000000,0,0,0,0,0
10470000000,0,0,0,0,0
10475000000,0,0,0,0,0
10480000000,0,0,0,0,0
10485000000,0,0,0,0,0
10490000000,0,0,0,0,0
10495000000,0,0,0,0,0
